{"cameraMode":{"drawMode":0,"name":"Shaded","section":"Shading Mode"},"sceneLighting":true,"audioPlay":false,"sceneViewState":{"m_AlwaysRefresh":false,"showFog":true,"showSkybox":false,"showFlares":true,"showImageEffects":true,"showParticleSystems":true,"showVisualEffectGraphs":true,"m_FxEnabled":true},"in2DMode":false,"pivot":{"x":15.870004653930664,"y":-3.7844009399414064,"z":-6.5414934158325199},"rotation":{"x":0.19044390320777894,"y":0.6887778639793396,"z":-0.19531980156898499,"w":0.6716449856758118},"size":18.05999183654785,"orthographic":false}