{"cameraMode":{"drawMode":0,"name":"Shaded","section":"Shading Mode"},"sceneLighting":true,"audioPlay":false,"sceneViewState":{"m_AlwaysRefresh":false,"showFog":true,"showSkybox":false,"showFlares":true,"showImageEffects":true,"showParticleSystems":true,"showVisualEffectGraphs":true,"m_FxEnabled":true},"in2DMode":false,"pivot":{"x":3.9168026447296144,"y":3.342081069946289,"z":8.603946685791016},"rotation":{"x":0.15064968168735505,"y":0.08588336408138275,"z":-0.013146561570465565,"w":0.9847360253334045},"size":2.082913637161255,"orthographic":false}