{"cameraMode":{"drawMode":0,"name":"Shaded","section":"Shading Mode"},"sceneLighting":true,"audioPlay":false,"sceneViewState":{"m_AlwaysRefresh":false,"showFog":true,"showSkybox":false,"showFlares":true,"showImageEffects":true,"showParticleSystems":true,"showVisualEffectGraphs":true,"m_FxEnabled":true},"in2DMode":false,"pivot":{"x":1.3211321830749512,"y":4.2588419914245609,"z":-9.022165298461914},"rotation":{"x":0.02245096117258072,"y":-0.1760319620370865,"z":0.004009868949651718,"w":0.9840959310531616},"size":5.366025924682617,"orthographic":false}